"Upah","Jenis Kelamin","Lama Bekerja (tahun)"
"8241785","Laki-laki","1.8"
"6654339","Perempuan","7.1"
"8619221","Perempuan","4.6"
"10807574","Laki-laki","6.7"
"6414616","Laki-laki","8.4"
"6414657","Laki-laki","1.7"
"10948032","Perempuan","0.2"
"8918586","Laki-laki","7.8"
"5826314","Perempuan","6.1"
"8356400","Perempuan","7"
"5841455","Laki-laki","8.4"
"5835675","Perempuan","8"
"7604905","Perempuan","9.6"
"2216799","Perempuan","5.4"
"2687705","Perempuan","4.9"
"5594281","Laki-laki","4"
"4467922","Laki-laki","1.5"
"7785618","Perempuan","5.7"
"4729939","Perempuan","2.8"
"3469240","Laki-laki","9.2"
"10664121","Perempuan","5.8"
"6435559","Laki-laki","5.9"
"7168820","Perempuan","3.5"
"3438129","Perempuan","0.5"
"5639043","Laki-laki","0.3"
"7277306","Laki-laki","4.2"
"4122516","Laki-laki","0.8"
"7939245","Laki-laki","6.1"
"5498403","Perempuan","8.8"
"6270765","Laki-laki","8.8"
"5495733","Perempuan","6.6"
"11630695","Laki-laki","2.1"
"6966256","Laki-laki","8.6"
"4355722","Perempuan","8.9"
"9056362","Laki-laki","2"
"3947890","Laki-laki","7.4"
"7522158","Laki-laki","2.9"
"2100824","Laki-laki","8"
"3679534","Perempuan","10"
"7492153","Perempuan","0.3"
"8846166","Laki-laki","9"
"7428420","Laki-laki","6.2"
"6710879","Laki-laki","9.7"
"6247240","Perempuan","4.7"
"3303695","Perempuan","8.5"
"5200389","Perempuan","0.6"
"5848403","Perempuan","3.4"
"9642805","Laki-laki","0.7"
"7859045","Laki-laki","9.8"
"2592399","Laki-laki","8.2"
"7810209","Perempuan","8.5"
"6037294","Laki-laki","9.4"
"5307694","Perempuan","0.9"
"8529190","Perempuan","3.9"
"9577498","Laki-laki","0.7"
"9328200","Laki-laki","2.1"
"4901956","Laki-laki","2.3"
"6226969","Perempuan","4.7"
"7828158","Perempuan","2.7"
"9438862","Laki-laki","1"
"5802064","Laki-laki","1.7"
"6535852","Perempuan","1.5"
"4234162","Laki-laki","9.7"
"4009483","Perempuan","7.6"
"9031314","Perempuan","9.7"
"10390600","Laki-laki","4.4"
"6819974","Laki-laki","2.8"
"9508832","Laki-laki","8"
"7904090","Laki-laki","3.3"
"5387200","Perempuan","3"
"7903489","Perempuan","2.3"
"10845091","Perempuan","1.3"
"6910434","Laki-laki","2.6"
"10911609","Perempuan","3.6"
"1000000","Laki-laki","6.7"
"9054756","Laki-laki","0.6"
"7217617","Laki-laki","2.1"
"6252481","Laki-laki","8.1"
"7229401","Laki-laki","1.5"
"2031077","Laki-laki","3.4"
"6450820","Perempuan","8.6"
"7892781","Laki-laki","1.5"
"10694735","Perempuan","0.8"
"5704324","Perempuan","4.8"
"4978765","Laki-laki","3"
"5745607","Laki-laki","5.6"
"9288505","Laki-laki","8"
"7821877","Perempuan","1.4"
"5675599","Laki-laki","5.8"
"8283168","Perempuan","5.1"
"7242693","Laki-laki","1.4"
"9421612","Laki-laki","6.2"
"5244867","Perempuan","2.7"
"6180844","Perempuan","4.9"
"6019729","Laki-laki","0.8"
"3341212","Perempuan","4.6"
"7740300","Perempuan","3.1"
"7652638","Perempuan","8.2"
"7012783","Perempuan","0.6"
"50000","Perempuan",""
"6413532","Perempuan","4.2"
"3461573","Laki-laki","4.6"
"5948386","Laki-laki","7.3"
"6143213","Perempuan","5.7"
"4994306","Laki-laki","6.7"
"6596785","Laki-laki","7.8"
"8010127","Perempuan","8.6"
"11715464","Laki-laki","3.1"
"7436444","Perempuan","5.4"
"7643875","Perempuan","8.4"
"6813885","Laki-laki","9.9"
"2203071","Perempuan","8.9"
"6933715","Perempuan","3.7"
"7150575","Perempuan","2"
"13158105","Perempuan","4.9"
"6519097","Perempuan","7.4"
"7753868","Laki-laki","4.9"
"6913220","Laki-laki","4.8"
"4078304","Perempuan","8.4"
"9857057","Perempuan","3.6"
"8879832","Laki-laki","8.6"
"8977579","Perempuan","4.1"
"4726531","Laki-laki","3.3"
"10506985","Perempuan","4.5"
"3495372","Perempuan","7.6"
"8467142","Perempuan","1.3"
"12476139","Perempuan","2"
"4523659","Perempuan","9.5"
"5584255","Perempuan","1.8"
"10000","","20"
"7249128","Perempuan","5.7"
"5741310","Laki-laki","5.8"
"3123341","Laki-laki","4.9"
"7171407","Laki-laki","6.4"
"4344240","Perempuan","2.3"
"8183981","Perempuan","5.5"
"4701439","Perempuan","3.7"
"10874836","Perempuan","6.6"
"5041866","Perempuan","1.4"
"6194846","Perempuan","5.7"
"9033793","Perempuan","1.9"
"3922839","Laki-laki","2.8"
"1000000","Laki-laki",""
"7568649","Perempuan","2.2"
"10267856","Laki-laki","1.8"
"2981291","Laki-laki","8.3"
"7461584","Perempuan","2.9"
"7649706","Perempuan","9.3"
"8954557","Laki-laki","9.7"
"3907623","Laki-laki","5.7"
"3698858","Perempuan","1.4"
"8304853","Perempuan","3.7"
"7742461","Laki-laki","8"
"7626232","Perempuan","3.7"
"7866120","Perempuan","0.9"
"5299938","Perempuan","5.6"
"7580634","Laki-laki","8.5"
"7732681","Laki-laki","8"
"5214121","Laki-laki","1.8"
"11664436","Perempuan","6.7"
"8184582","Perempuan","2.2"
"4021741","Laki-laki","2.2"
"8641384","Laki-laki","8.7"
"4563295","Laki-laki","2.5"
"8967711","Perempuan","2.6"
"9896488","Laki-laki","0"
"4948294","Laki-laki","8.7"
"9408440","Perempuan","7.9"
"8031952","Perempuan","6.3"
"9055150","Perempuan","7.5"
"11741982","Laki-laki","1.5"
"6386529","Perempuan","4.6"
"5115659","Perempuan","3.5"
"4776213","Laki-laki","0.9"
"4960474","Perempuan","4.9"
"6807245","Laki-laki","9.2"
"7852879","Laki-laki","0.4"
"7691726","Perempuan","2.9"
"9067958","Perempuan","2.1"
"7032504","Perempuan","2.4"
"10633835","Perempuan","9.1"
"6338357","Perempuan","4.7"
"13800422","Perempuan","4.7"
"8564168","Laki-laki","7.6"
"4857106","Laki-laki","1.5"
"4322768","Perempuan","4.9"
"8206181","Laki-laki","4.3"
"6441343","Perempuan","6"
"8785001","Laki-laki","10"
"8183094","Laki-laki","7.7"
"6817927","Laki-laki","4"
"4883015","Perempuan","8.3"
"3212881","Laki-laki","1.7"
"5883712","Perempuan","0.3"
"9140996","Laki-laki","2"
"7535234","Laki-laki","3.4"
"3885653","Laki-laki","5.1"
"7432952","Laki-laki","6.2"
"7963293","Laki-laki","9.1"
"4790356","Perempuan","5.1"
"7384312","Perempuan","5"
"7145521","Laki-laki","0.5"
"4142574","Laki-laki","0.3"
"7894468","Laki-laki","5.5"
"8401961","Laki-laki","4.4"
"9707628","Perempuan","8.4"
"9634505","Laki-laki","1.6"
"3555826","Perempuan","0.2"
"4655437","Laki-laki","4.5"
"8287588","Perempuan","2.4"
"8284464","Laki-laki","0.5"
"8287619","Laki-laki","7.2"
"16631828","Perempuan","1.1"
"8427226","Laki-laki","6.1"
"9838914","Laki-laki","2.8"
"9385004","Laki-laki","1.7"
"8628478","Perempuan","3.8"
"6211826","Laki-laki","8"
"8897423","Laki-laki","3.9"
"5067936","Perempuan","7.5"
"6407953","Perempuan","1.3"
"5786591","Perempuan","7.7"
"7204685","Laki-laki","2.4"
"12786646","Laki-laki","6.8"
"2331837","Laki-laki","5.7"
"8715650","Perempuan","9.3"
"2968210","Laki-laki","3.9"
"5820170","Laki-laki","0.7"
"9722376","Perempuan","0.2"
"7160700","Perempuan","8.3"
"4305638","Perempuan","5.2"
"5211740","Perempuan","7.8"
"8698994","Perempuan","2.3"
"5174083","Laki-laki","3.5"
"7541146","Perempuan","0.3"
"7113929","Laki-laki","9.6"
"5370999","Laki-laki","6.7"
"12359860","Perempuan","9.3"
"8584797","Perempuan","2.7"
"1937143","Perempuan","6.1"
"7466135","Laki-laki","6.8"
"5345533","Perempuan","3.2"
"9131083","Perempuan","8.5"
"5018698","Perempuan","9.5"
"6713158","Perempuan","8.8"
"8262468","Perempuan","7.4"
"9164387","Laki-laki","2.8"
"3999258","Laki-laki","2.8"
"6163746","Laki-laki","9.6"
"5812636","Perempuan","0.1"
"5366676","Perempuan","7.2"
"11413635","Perempuan","7.1"
"8012454","Laki-laki","6.2"
"3847790","Perempuan","9.9"
"9294654","Perempuan","3.1"
"12305390","Perempuan","3.4"
"9581163","Laki-laki","0.8"
"3201575","Perempuan","4.4"
"5789414","Laki-laki","2.6"
"10167277","Perempuan","3.4"
"5230826","Laki-laki","8.3"
"8109548","Laki-laki","9.4"
"8936585","Laki-laki","1.9"
"4682673","Perempuan","3.7"
"6851186","Perempuan","9.3"
"1000000","Laki-laki","0.6"
"4439030","Laki-laki","0.9"
"6368579","Perempuan","1.6"
"3880542","Perempuan","6"
"11081028","Laki-laki","1.5"
"3424646","Perempuan","9.7"
"5899888","Perempuan","4.5"
"7326851","Perempuan","5"
"10603183","Perempuan","2.5"
"3410344","Laki-laki","4.7"
"9907909","Perempuan","6.6"
"7025582","Perempuan","7.5"
"4546228","Laki-laki","7.5"
"8155258","Laki-laki","5.8"
"7497649","Perempuan","9"
"5499457","Perempuan","8.2"
"7174505","Perempuan","7.6"
"6036716","Perempuan","0.6"
"7283793","Laki-laki","0.1"
"8655326","Laki-laki","2.1"
"10965042","Laki-laki","6.6"
"3905461","Perempuan","4.1"
"12332583","Perempuan","4"
"2119780","Perempuan","8.8"
"6620537","Perempuan","9"
"8470793","Laki-laki","9.1"
"7702479","Laki-laki","3.1"
"5443251","Perempuan","6.9"
"6479694","Laki-laki","2.7"
"5767497","Perempuan","1.9"
"5526588","Perempuan","1.8"
"9124005","Laki-laki","3.4"
"7892538","Perempuan","4.3"
"5267726","Perempuan","8.3"
"9248999","Laki-laki","1.2"
"7768248","Perempuan","7.3"
"9032155","Perempuan","5.3"
"8574072","Laki-laki","2.9"
"4927512","Perempuan","4.9"
"5599547","Laki-laki","3"
"8868234","Perempuan","6"
"8525925","Laki-laki","4.3"
"6947746","Laki-laki","1.6"
"7293318","Laki-laki","1.2"
"10194162","Perempuan","5.5"
"5521071","Laki-laki","9"
"8367743","Laki-laki","3.4"
"6494518","Laki-laki","7.3"
"6455796","Laki-laki","6.6"
"9746942","Laki-laki","9.3"
"9063540","Perempuan","8.2"
"9033774","Perempuan","5.7"
"10263697","Perempuan","6.6"
"7052509","Perempuan","9"
"8704882","Perempuan","4"
"6224333","Perempuan","3.3"
"7810415","Perempuan","0.1"
"6674642","Laki-laki","8.3"
"7242489","Perempuan","8"
"8487892","Laki-laki","1"
"4954448","Laki-laki","5.8"
"12230968","Perempuan","4.6"
"4484956","Laki-laki","1.2"
"3964528","Laki-laki","9.8"
"9895277","Laki-laki","2.1"
"8979156","Laki-laki","0.7"
"8560299","Perempuan","5.9"
"8570863","Perempuan","7.4"
"6969383","Perempuan","0.3"
"4756864","Perempuan","6.6"
"7189511","Perempuan","5.3"
"5307095","Perempuan","1"
"9437799","Perempuan","1.7"
"6632356","Perempuan","5.7"
"4936257","Perempuan","3"
"6196535","Perempuan","9.4"
"8032328","Laki-laki","8.2"
"5590688","Perempuan","9.8"
"4944449","Laki-laki","2.6"
"7609218","Laki-laki","9.7"
"7612416","Laki-laki","4.3"
"5732642","Laki-laki","3.5"
"5822404","Perempuan","0.5"
"7580124","Laki-laki","0.5"
"3379789","Perempuan","6.9"
"3481340","Perempuan","4.6"
"5203889","Laki-laki","2.3"
"6466382","Perempuan","6.1"
"7777268","Laki-laki","2.5"
"10688390","Laki-laki","5.8"
"9144149","Perempuan","3.6"
"6600153","Perempuan","8.2"
"6952459","Laki-laki","8.2"
"4493676","Perempuan","4.8"
"6953717","Perempuan","3.5"
"6278353","Perempuan","3.6"
"7806796","Laki-laki","8.1"
"4931922","Laki-laki","3.3"
"8298366","Perempuan","2.1"
"10831847","Perempuan","0.8"
"6728099","Perempuan","4.7"
"8004279","Perempuan","4.8"
"8725359","Perempuan","8.4"
"5996948","Laki-laki","2.2"
"7560231","Perempuan","3.8"
"7031481","Laki-laki","8.1"
"7244190","Perempuan","8.2"
"5067475","Laki-laki","3.8"
"7061275","Perempuan","4.6"
"8244995","Laki-laki","3"
"10627859","Perempuan","9.3"
"9398177","Laki-laki","1.2"
"12382956","Laki-laki","9.3"
"5081631","Laki-laki","6.8"
"9180801","Laki-laki","5.3"
"7458355","Laki-laki","0.3"
"12474507","Laki-laki","4.8"
"4979254","Perempuan","4.1"
"4900695","Laki-laki","1.6"
"5501518","Perempuan","6.6"
"1690260","Perempuan","9.7"
"5685612","Perempuan","5.6"
"5102168","Perempuan","7.1"
"7375984","Perempuan","0.7"
"7854389","Laki-laki","4.2"
"11690427","Laki-laki","1.2"
"9376059","Laki-laki","6.1"
"5557740","Perempuan","9.4"
"4753963","Laki-laki","6.6"
"8229797","Laki-laki","0.8"
"3699416","Laki-laki","3.5"
"11578646","Laki-laki","5.5"
"9948600","Laki-laki","4"
"5827060","Perempuan","8.3"
"2717163","Laki-laki","8.1"
"10384680","Perempuan","6.1"
"6713650","Perempuan","3.7"
"10094540","Perempuan","2.6"
"3013930","Perempuan","1.1"
"5501562","Perempuan","3.5"
"7013109","Laki-laki","4.1"
"7117451","Laki-laki","6.8"
"5874836","Laki-laki","6.6"
"8557124","Perempuan","0.7"
"4330948","Laki-laki","4"
"6644051","Laki-laki","1.8"
"7300739","Perempuan","1.6"
"8286097","Perempuan","8.3"
"8779037","Perempuan","0.4"
"4188394","Perempuan","4.2"
"3164714","Laki-laki","1.7"
"10194192","Perempuan","8.8"
"7830785","Perempuan","5.6"
"5128783","Laki-laki","2.3"
"10877879","Laki-laki","5"
"7289186","Perempuan","7.3"
"9948242","Laki-laki","9.6"
"7168796","Perempuan","2.2"
"12151869","Perempuan","8.9"
"11388352","Laki-laki","9.3"
"6377589","Laki-laki","9.2"
"9428927","Perempuan","6.4"
"8613439","Perempuan","6.3"
"10421578","Perempuan","4"
"4587691","Laki-laki","7.5"
"8715128","Perempuan","5.3"
"9646061","Perempuan","6.8"
"2603151","Perempuan","4.3"
"4041853","Perempuan","7.3"
"1901919","Perempuan","8.2"
"6326482","Laki-laki","1.5"
"8793855","Perempuan","8.3"
"10755892","Perempuan","5.4"
"7185236","Perempuan","8.4"
"11071538","Perempuan","4.3"
"3549746","Laki-laki","3.8"
"2741543","Laki-laki","9.2"
"6861130","Laki-laki","2.5"
"7960163","Perempuan","8.4"
"6918263","Perempuan","4.8"
"1831394","Laki-laki","5.1"
"6777199","Laki-laki","3.1"
"3738826","Laki-laki","5.7"
"8674181","Perempuan","3.3"
"7916495","Perempuan","0.4"
"4650300","Laki-laki","2.7"
"5715332","Laki-laki","0.1"
"4351966","Laki-laki","9.8"
"6843302","Perempuan","9.7"
"9387855","Perempuan","4"
"4535684","Perempuan","7.3"
"8260116","Laki-laki","3.5"
"5674355","Laki-laki","6.7"
"5017817","Perempuan","8.1"
"6732424","Laki-laki","9.5"
"4411894","Perempuan","4"
"5615876","Laki-laki","7.8"
"4005305","Laki-laki","2.7"
"11911812","Laki-laki","9.9"
"7088158","Laki-laki","0.3"
"5250686","Perempuan","6"
"7534949","Laki-laki","6.6"
"6719179","Perempuan","6.9"
"6447576","Perempuan","1.2"
"8535416","Perempuan","9.4"
"8893769","Laki-laki","1.8"
"5673747","Perempuan","6.2"
"5560454","Perempuan","2.2"
"6312370","Perempuan","3.1"
"1245197","Laki-laki","5.5"
"3212022","Laki-laki","4.2"
"10417185","Perempuan","1.6"
"11112419","Laki-laki","1.7"
"6377409","Perempuan","4.2"
"8441392","Perempuan","7.6"
"7778125","Laki-laki","9"
"14697202","Perempuan","0.8"
"9798937","Laki-laki","3.9"
"6680206","Laki-laki","1"
"4611148","Perempuan","0.2"
"2983884","Laki-laki","6.6"
"7508659","Laki-laki","6"
"5109123","Perempuan","1.6"
"3444365","Perempuan","2.3"
"5383567","Laki-laki","0.2"
"4296129","Laki-laki","8.3"
"11217854","Perempuan","9.7"
"9204099","Laki-laki","1.4"
"6980068","Laki-laki","2.3"
"10699860","Laki-laki","8.7"
"7193420","Laki-laki","9.3"
"4846789","Laki-laki","4.2"
"10807810","Laki-laki","0.5"
"8347275","Laki-laki","0.4"
"4406884","Perempuan","5.7"
"6524153","Perempuan","3.9"
"4810954","Perempuan","0.3"
"3543000","Perempuan","5.8"
"9315443","Perempuan","0.1"
"11773541","Laki-laki","7.9"
"3503581","Laki-laki","3.1"
"8407423","Laki-laki","0.4"
"5373393","Laki-laki","5.9"
"5782186","Perempuan","4"
"5519015","Laki-laki","9.7"
"4840023","Laki-laki","5.4"
"7121304","Perempuan","2.8"
"4922624","Laki-laki","7.1"
"7676142","Laki-laki","2.7"
"6874404","Perempuan","9"
"6402629","Laki-laki","3.7"
"4731090","Laki-laki","5.5"
"5558071","Laki-laki","0.5"
"8888478","Laki-laki","4.3"
"8252292","Laki-laki","8.3"
"4556111","Perempuan","8.1"
"7248330","Perempuan","2.2"
"8878467","Perempuan","2.3"
"2826486","Perempuan","8.2"
"8358400","Perempuan","9.3"
"5343440","Perempuan","1"
"8426496","Laki-laki","4.5"
"5091852","Perempuan","3.4"
"2487794","Perempuan","8.7"
"2931143","Laki-laki","0.8"
"7120212","Laki-laki","2.1"
"7649306","Perempuan","7.5"
"4739208","Laki-laki","0.5"
"8596481","Perempuan","4.9"
"2846199","Laki-laki","4.4"
"6834800","Perempuan","3.3"
"3972459","Laki-laki","3.9"
"5370409","Laki-laki","5.3"
"7118496","Perempuan","1.6"
"4848966","Perempuan","5.7"
"6038611","Perempuan","8.1"
"9515732","Perempuan","7.6"
"5557770","Perempuan","1.5"
"9089230","Laki-laki","1.5"
"4175732","Perempuan","2.7"
"8324510","Perempuan","3.6"
"10603921","Laki-laki","4.1"
"1000000","Laki-laki","6.8"
"5007761","Perempuan","0.6"
"8442680","Laki-laki","0.3"
"6492386","Laki-laki","3.9"
"7927864","Perempuan","7"
"5490037","Laki-laki","1.9"
"7216474","Laki-laki","6.4"
"6610806","Perempuan","2.6"
"9919455","Perempuan","8.9"
"7636052","Laki-laki","9"
"7844006","Laki-laki","3"
"5970307","Perempuan","2.3"
"5780984","Laki-laki","4.1"
"5918604","Laki-laki","2.4"
"7986130","Laki-laki","6.7"
"5947538","Perempuan","8.3"
"7724437","Laki-laki","6.7"
"12188501","Laki-laki","8.2"
"9177811","Perempuan","4"
"6184941","Laki-laki","1.6"
"10003034","Laki-laki","7.4"
"5979811","Perempuan","3.6"
"1904688","Perempuan","6.7"
"4479784","Perempuan","2.7"
"2323020","Perempuan","0.8"
"6121216","Laki-laki","9.9"
"7046045","Laki-laki","1.6"
"11191093","Perempuan","9.9"
"7817318","Perempuan","9.8"
"6452248","Laki-laki","7.9"
"9073513","Perempuan","6.6"
"1472161","Laki-laki","5.8"
"7589036","Perempuan","8.7"
"8927162","Laki-laki","2.9"
"3303534","Perempuan","4.7"
"9859385","Perempuan","6.2"
"7846241","Laki-laki","4.1"
"5961780","Perempuan","4.3"
"8581954","Laki-laki","3.3"
"12676732","Laki-laki","5.6"
"7454665","Laki-laki","8.5"
"7620551","Laki-laki","2"
"5851597","Laki-laki","9.3"
"4875389","Perempuan","6.9"
"9075839","Perempuan","8.2"
"4859790","Laki-laki","5.6"
"7178915","Perempuan","7.8"
"5805856","Laki-laki","0.2"
"8197449","Perempuan","8.2"
"7834155","Perempuan","0.4"
"9593849","Perempuan","8.9"
"5724959","Perempuan","9.9"
"6325312","Laki-laki","2.9"
"4553090","Laki-laki","2.1"
"5889266","Perempuan","7.7"
"7943251","Perempuan","2.5"
"8892471","Laki-laki","8.7"
"4694586","Perempuan","1"
"9174014","Laki-laki","1.3"
"10389094","Laki-laki","9.8"
"8033587","Laki-laki","6.7"
"11691989","Perempuan","8.5"
"5065527","Laki-laki","3.2"
"3888363","Perempuan","6.8"
"2553199","Laki-laki","5.9"
"10740110","Perempuan","6"
"8635914","Perempuan","6.8"
"6861038","Perempuan","5.8"
"7699921","Laki-laki","4.3"
"4186277","Laki-laki","2.8"
"13114379","Perempuan","7.7"
"7323052","Perempuan","2.3"
"7273486","Perempuan","6.9"
"8814416","Laki-laki","2.3"
"8202523","Laki-laki","6.3"
"7559710","Laki-laki","7.5"
"5023813","Laki-laki","2.2"
"8178670","Perempuan","0.6"
"11705061","Perempuan","1.3"
"10363550","Laki-laki","6.1"
"10982966","Laki-laki","8.5"
"5721960","Perempuan","0.4"
"4525987","Laki-laki","7.3"
"6685532","Laki-laki","3.4"
"7139312","Laki-laki","4.8"
"9735478","Laki-laki","9.3"
"2768838","Laki-laki","3.3"
"10823875","Laki-laki","4.7"
"6604980","Perempuan","0.1"
"5932797","Laki-laki","0.8"
"4469739","Laki-laki","2.6"
"2862858","Perempuan","0.3"
"9057926","Perempuan","6.3"
"7183294","Perempuan","4.3"
"3775097","Laki-laki","5.5"
"3762303","Perempuan","1.7"
"6160538","Laki-laki","3"
"11172553","Laki-laki","6.6"
"6351021","Laki-laki","9.7"
"3242142","Perempuan","0.5"
"6385642","Perempuan","8.9"
"6318191","Perempuan","5.8"
"1000000","Perempuan","5.6"
"6864262","Perempuan","5"
"6422663","Laki-laki","0.7"
"8740515","Laki-laki","0.9"
"11622390","Laki-laki","6"
"9816412","Laki-laki","3.4"
"6327778","Perempuan","9.2"
"4233685","Perempuan","4.1"
"13433399","Laki-laki","1.4"
"7148046","Perempuan","7.1"
"7034823","Perempuan","2.9"
"6939687","Laki-laki","5.3"
"7495211","Laki-laki","7"
"6639098","Perempuan","9"
"5565844","Perempuan","7.9"
"5632852","Laki-laki","6.8"
"6918116","Laki-laki","6.8"
"5641438","Laki-laki","9.5"
"5217885","Perempuan","3"
"7266075","Laki-laki","0"
"6362556","Laki-laki","2.7"
"10759982","Perempuan","2.2"
"1000000","Perempuan","6.6"
"9728767","Perempuan","6.3"
"10115212","Perempuan","5.9"
"1816524","Perempuan","0.2"
"6143281","Laki-laki","7.3"
"6071397","Laki-laki","3.2"
"3481220","Perempuan","6.7"
"5055458","Perempuan","5.6"
"4223560","Perempuan","3.4"
"11380676","Perempuan","1.3"
"9339195","Perempuan","0.9"
"10178887","Laki-laki","8.3"
"8804180","Laki-laki","9.2"
"4177370","Laki-laki","6.5"
"5688699","Laki-laki","1"
"8223436","Perempuan","4"
"3944680","Laki-laki","7.3"
"8782496","Perempuan","7.8"
"6399186","Perempuan","1.2"
"6062947","Perempuan","0"
"8777399","Laki-laki","7.1"
"8110658","Perempuan","3.6"
"6097584","Laki-laki","2.5"
"9898324","Laki-laki","0.1"
"4297341","Perempuan","5.4"
"8539839","Perempuan","8.5"
"8482753","Perempuan","9.6"
"6226133","Laki-laki","5.7"
"7815332","Perempuan","5.1"
"3872216","Laki-laki","0.9"
"9310067","Perempuan","5.5"
"6537744","Perempuan","3.8"
"5693192","Laki-laki","6.1"
"9622523","Laki-laki","3.9"
"5239140","Laki-laki","2.4"
"3478846","Laki-laki","0.9"
"3108427","Laki-laki","3.1"
"8515024","Laki-laki","1"
"3798926","Perempuan","1.8"
"11386985","Perempuan","9.9"
"1795176","Laki-laki","4.4"
"11241140","Perempuan","5.3"
"7527543","Laki-laki","8.7"
"6758217","Perempuan","10"
"5637702","Perempuan","5.8"
"7997840","Laki-laki","8.1"
"6905913","Laki-laki","3.3"
"9758254","Laki-laki","3.1"
"7285569","Perempuan","4"
"7375754","Laki-laki","6.7"
"6090969","Perempuan","6.8"
"6857635","Laki-laki","3.2"
"7769504","Perempuan","1.3"
"2724579","Perempuan","6.3"
"3629536","Laki-laki","1.3"
"8858160","Perempuan","5.8"
"7427163","Perempuan","6.9"
"6540041","Laki-laki","7"
"7046084","Perempuan","7.5"
"7868954","Laki-laki","8.7"
"5650600","Laki-laki","5"
"5054238","Laki-laki","7.3"
"7489613","Laki-laki","6.2"
"4554068","Perempuan","1.9"
"8020631","Perempuan","0.3"
"2743540","Perempuan","2.8"
"9572889","Laki-laki","4.4"
"8181493","Perempuan","6.2"
"7640074","Perempuan","8.5"
"9456727","Laki-laki","2"
"11163686","Laki-laki","1.3"
"9535925","Perempuan","9.6"
"2397814","Laki-laki","1.1"
"3801057","Laki-laki","4.8"
"5437953","Laki-laki","5.9"
"7065227","Laki-laki","5.4"
"8294147","Perempuan","0.9"
"5185640","Laki-laki","0.6"
"7466916","Laki-laki","1.1"
"5111542","Laki-laki","5.9"
"5471205","Laki-laki","5.4"
"3483347","Laki-laki","2.3"
"4691916","Laki-laki","6.4"
"3620788","Laki-laki","8.2"
"4560316","Laki-laki","0.4"
"9634104","Perempuan","5"
"4626502","Laki-laki","6.9"
"13580955","Perempuan","2.5"
"8233294","Laki-laki","3.1"
"7462090","Laki-laki","6.1"
"4854105","Laki-laki","9"
"8750774","Laki-laki","8.1"
"5560905","Perempuan","5.8"
"7305024","Laki-laki","7.3"
"13400211","Laki-laki","3.6"
"6759850","Perempuan","6.4"
"9873183","Perempuan","4.7"
"5242058","Laki-laki","1.9"
"6912528","Perempuan","7"
"11427001","Perempuan","5.6"
"5432582","Perempuan","3.6"
"11531121","Laki-laki","9.1"
"8769379","Laki-laki","0.2"
"5593833","Laki-laki","3.2"
"8581019","Perempuan","0.6"
"9431386","Laki-laki","7.7"
"8554524","Perempuan","7"
"3074438","Laki-laki","3.3"
"5182157","Laki-laki","6.8"
"6381203","Perempuan","4"
"6813916","Laki-laki","7.6"
"8551680","Perempuan","4.5"
"7444252","Perempuan","4.1"
"3661639","Laki-laki","9.3"
"7950494","Perempuan","2.5"
"8526464","Laki-laki","1.2"
"8399476","Laki-laki","5.8"
"9701951","Perempuan","9.7"
"9084805","Laki-laki","3.8"
"8147950","Perempuan","0.6"
"6824585","Laki-laki","3.4"
"2847597","Laki-laki","5.1"
"8074045","Laki-laki","1.6"
"7519219","Laki-laki","6.6"
"7678947","Laki-laki","10"
"3808128","Perempuan","4.5"
"4297358","Perempuan","3.5"
"9632882","Perempuan","4"
"6901112","Perempuan","1.2"
"8703751","Perempuan","8.8"
"7070795","Perempuan","4.1"
"7074390","Laki-laki","3.9"
"9345709","Laki-laki","6.6"
"5709888","Perempuan","4.4"
"7240301","Perempuan","6.5"
"5844311","Laki-laki","0.6"
"5913759","Laki-laki","8.1"
"6227069","Laki-laki","9.4"
"7555334","Perempuan","6.5"
"5803128","Perempuan","9.5"
"10139390","Perempuan","1.5"
"4763481","Laki-laki","4.8"
"6532820","Laki-laki","6"
"5900672","Perempuan","5.8"
"10617444","Perempuan","4"
"7491386","Laki-laki","3.4"
"9579611","Laki-laki","1.3"
"3286099","Laki-laki","3.9"
"7667625","Laki-laki","1.6"
"9224076","Perempuan","7.3"
"7205709","Laki-laki","2.1"
"9663700","Laki-laki","0.6"
"5706778","Laki-laki","5.5"
"10523368","Perempuan","6"
"12747245","Perempuan","8.7"
"6092903","Laki-laki","5.8"
"5886243","Laki-laki","3.5"
"10633461","Laki-laki","8"
"10948930","Perempuan","5.4"
"5692849","Perempuan","0.8"
"5949532","Perempuan","5.7"
"6295538","Laki-laki","9.1"
"3638873","Perempuan","4"
"4703370","Laki-laki","3"
"4489648","Laki-laki","1.4"
"5080506","Laki-laki","1.5"
"6913287","Perempuan","4.3"
"7585536","Laki-laki","6"
"10876251","Perempuan","0.8"
"4504114","Perempuan","9.4"
"9460805","Laki-laki","7.6"
"6465027","Laki-laki","5.9"
"6876340","Perempuan","8.3"
"8687048","Laki-laki","0.8"
"4193194","Perempuan","4.8"
"7956024","Laki-laki","6.3"
"7416130","Perempuan","8.3"
"8231128","Perempuan","7.8"
"7722921","Perempuan","2.8"
"13138250","Perempuan","9.4"
"5405650","Laki-laki","1.2"
"5672507","Laki-laki","8.8"
"5442148","Perempuan","9.7"
"5611307","Perempuan","1.8"
"5406532","Laki-laki","7.2"
"9972541","Laki-laki","0.4"
"10551260","Laki-laki","4.1"
"5573134","Laki-laki","5.2"
"4919111","Laki-laki","5.8"
"8178538","Laki-laki","9.4"
"5619442","Perempuan","6.7"
"8582329","Laki-laki","4.8"
"7507307","Laki-laki","8.1"
"3210639","Perempuan","9.5"
"10868763","Laki-laki","0.2"
"11489694","Laki-laki","9.8"
"5468028","Laki-laki","0.9"
"6030746","Laki-laki","8.1"
"7714663","Laki-laki","2.8"
"7836141","Perempuan","1.3"
"8646360","Laki-laki","4.4"
"12025511","Perempuan","6.4"
"6557631","Perempuan","3.8"
"5004256","Laki-laki","0.5"
"3551701","Perempuan","6"
"5172674","Laki-laki","9"
"6917182","Perempuan","3.8"
"11486394","Perempuan","2.2"
"5705971","Laki-laki","4.4"
"7559469","Laki-laki","0.5"
"6958942","Laki-laki","8.2"
"9970983","Laki-laki","8.3"
"13317331","Laki-laki","5.9"
"5672828","Perempuan","3.5"
"5776401","Perempuan","8"
"9610402","Perempuan","5.5"
"8704728","Perempuan","8.3"
"11616768","Perempuan","6.3"
"8459820","Perempuan","7.8"
"6101769","Perempuan","6"
"8476637","Laki-laki","4.1"
"9771758","Laki-laki","9.6"
"9051205","Perempuan","5.4"
"8268185","Perempuan","6.1"
"9666686","Laki-laki","2.2"
"9923238","Laki-laki","6.3"
"10455397","Laki-laki","5.7"
"8621774","Laki-laki","1.8"
"6582204","Perempuan","0.6"
"7366784","Laki-laki","6"
"10016272","Perempuan","7.6"
"4957660","Perempuan","5.2"
"7921683","Perempuan","2.3"
"6016652","Laki-laki","6.7"
"7071862","Laki-laki","0.8"
"10196129","Perempuan","4.4"
"7477747","Perempuan","1.6"
"7116091","Perempuan","1.8"
"3600359","Laki-laki","2"
"8865633","Perempuan","3.9"
"8613710","Laki-laki","0.5"
"12408136","Perempuan","4"
"6230554","Perempuan","5.1"
"7547875","Perempuan","4.8"
"7623459","Laki-laki","3.8"
"10943633","Laki-laki","8.4"
"6761761","Perempuan","1.5"
"7697553","Laki-laki","5.1"
"8519741","Perempuan","0.6"
"7466522","Laki-laki","0.7"
"5883915","Laki-laki","5.7"
"7485224","Laki-laki","5.7"
"9684079","Perempuan","8.8"
"4433711","Laki-laki","5.6"
"7332424","Laki-laki","9.6"
"5249697","Perempuan","0.5"
"9987616","Perempuan","1"
"3192032","Perempuan","0.4"
"5602695","Perempuan","1.9"
"7943029","Laki-laki","5.4"
"10913810","Laki-laki","6.5"
"6835624","Laki-laki","0.5"
"5612001","Laki-laki","9.5"
"11702892","Laki-laki","8.4"
"3379965","Perempuan","3"
"1502985","Laki-laki","0.8"
"8100036","Laki-laki","1.7"
"5744864","Laki-laki","1.3"
"4446917","Perempuan","1.2"
"8770891","Perempuan","5.2"
"7609501","Laki-laki","2.5"
"5589803","Perempuan","3.6"
"3799239","Perempuan","9.9"
"9181143","Perempuan","6.8"
"8625502","Perempuan","9.5"
"6752060","Perempuan","1.4"
"11616592","Perempuan","3.8"
"4324788","Perempuan","5.5"
"3186187","Laki-laki","0.8"
"5270229","Laki-laki","0"
"6886034","Perempuan","6.7"
"7608348","Laki-laki","6.4"
"6396909","Laki-laki","4.1"
"7880138","Perempuan","4.9"
"3871151","Laki-laki","4.2"
"10609411","Perempuan","0.2"
"6794622","Perempuan","3.4"
"9793239","Perempuan","1.8"
"7856813","Laki-laki","1"
"8141883","Laki-laki","9.6"
"8424418","Laki-laki","6"
"8119271","Laki-laki","7.3"
"8606806","Perempuan","3.2"
"10322881","Perempuan","3.9"
"7491302","Laki-laki","2.4"
"8772509","Perempuan","1"
"6775660","Perempuan","1.8"
"10600293","Laki-laki","8"
"5309019","Perempuan","6.8"
"11502351","Laki-laki","5.5"
"6899605","Perempuan","4.8"
"3423062","Laki-laki","9.2"
"7320261","Perempuan","0.7"
"5297370","Perempuan","2.8"
"9101608","Laki-laki","3.5"
"5368440","Laki-laki","7.8"
"5884541","Laki-laki","9.9"
"2276148","Laki-laki","2.4"
"5869234","Perempuan","8.7"
"1000000","Perempuan","8.3"
"3040242","Laki-laki","2.2"
"8901036","Perempuan","4"
"8964500","Laki-laki","4.1"
"8063643","Laki-laki","9.8"
"4582559","Perempuan","1.8"
"6880721","Perempuan","8"
"6990993","Laki-laki","3.3"
"4104088","Laki-laki","7.3"
"10758495","Laki-laki","4.2"
"9193405","Perempuan","5.8"
"6447589","Perempuan","8.3"
"7067214","Perempuan","8"
"7520957","Perempuan","8.7"
"1895662","Laki-laki","0.6"
"6382056","Laki-laki","6.9"
"5295039","Laki-laki","1.4"
"4495949","Laki-laki","4.2"
"6297249","Laki-laki","5.5"
"11494216","Laki-laki","4"
"8602107","Perempuan","5.2"
"5572052","Perempuan","10"
"8431456","Laki-laki","1.4"
"10498388","Laki-laki","6.8"
"9311584","Perempuan","4"
"7149075","Perempuan","1.3"
"5382658","Perempuan","1.6"
"8745558","Perempuan","9.5"
"7983713","Laki-laki","8.8"
"9237983","Laki-laki","9.1"
"8587929","Laki-laki","9.9"
"9623881","Laki-laki","2.1"
"5661911","Laki-laki","3.6"
"10293485","Perempuan","6.7"
"7493999","Laki-laki","4.8"
"12188152","Perempuan","4.2"
"5277030","Laki-laki","3.6"
"11339909","Laki-laki","5.9"
"7494776","Laki-laki","5.8"
"5371454","Laki-laki","1.6"
"5790285","Laki-laki","4.7"
"6199131","Perempuan","5.5"
"8060414","Perempuan","5.7"
"8307088","Perempuan","2.1"
"5565749","Laki-laki","7.4"
"6939113","Laki-laki","0.3"
"12355675","Perempuan","3.5"
"11318857","Laki-laki","7.8"
"8090809","Laki-laki","5.6"
"7095008","Perempuan","2.6"
"7300078","Laki-laki","6.9"
"8533794","Perempuan","5.7"
"4443018","Laki-laki","8"
"6356558","Perempuan","7.4"
"2828539","Laki-laki","6.1"
"7998057","Laki-laki","4.9"
"8617989","Perempuan","1.3"
"5792033","Laki-laki","2.6"
"10934966","Laki-laki","4.2"
"3935585","Perempuan","6"
"3339062","Laki-laki","5.1"
"7561129","Perempuan","2.9"
"9617745","Laki-laki","0.1"
"11209819","Laki-laki","5"
"5852789","Laki-laki","2.9"
"9696702","Laki-laki","7.3"
"6903728","Perempuan","0.2"
"6568431","Laki-laki","5.8"
"9209149","Perempuan","9.4"
"8630807","Laki-laki","1.7"
"3059019","Laki-laki","4.7"
"10691350","Laki-laki","0.9"
"10450228","Laki-laki","6.3"
"5436093","Perempuan","5.5"
"7989508","Perempuan","4.1"
"8235075","Perempuan","5.2"
"7651684","Perempuan","9"
"5624237","Laki-laki","2"
"5320941","Perempuan","0.2"
"6936114","Perempuan","8.6"
"9931822","Laki-laki","5.8"
"8359000","Laki-laki","8.9"
"6073464","Laki-laki","6"
"8929246","Laki-laki","8.1"
"1000000","Perempuan","4.3"
"9871914","Perempuan","7.5"
"2650715","Laki-laki","9.1"
"6093897","Laki-laki","5.7"
"4200825","Laki-laki","1.8"
"3763296","Perempuan","2.7"
"9902066","Perempuan","2"
"5830746","Laki-laki","2.5"
"7866259","Laki-laki","3.1"
"6882698","Perempuan","5.6"
"8192602","Laki-laki","5.9"
"7192054","Laki-laki","4.3"
"3792519","Perempuan","6.2"
"9490667","Laki-laki","0.8"
"5765608","Perempuan","0.9"
"3108545","Laki-laki","1.7"
"5929712","Laki-laki","5.2"
"10751899","Perempuan","2.1"
"9125554","Perempuan","2.8"
"6128369","Laki-laki","4"
"6126855","Perempuan","8.1"
"6195912","Laki-laki","0.1"
"12191869","Laki-laki","6.5"
"7954838","Perempuan","6.7"
"8075104","Laki-laki","8"
"9575708","Laki-laki","9.3"
"7596972","Perempuan","0.2"
"6352394","Perempuan","1.5"
"6509125","Laki-laki","8.9"
"6820996","Perempuan","4.6"
"6906944","Perempuan","5.6"
"8819073","Perempuan","6.6"
"7129864","Perempuan","6.8"
"8831600","Laki-laki","9.3"
"6798208","Laki-laki","10"
"7196587","Laki-laki","7.2"
"2004498","Perempuan","2.9"
"9290819","Perempuan","8.8"
"7866221","Perempuan","0.5"
"9495025","Perempuan","2.3"
"1000000","Perempuan","9"
"12220936","Perempuan","2.6"
"6651025","Perempuan","2.2"
"9770457","Laki-laki","1.4"
"4400235","Laki-laki","8.6"
"8531934","Perempuan","5"
"4366461","Perempuan","6.7"
"5440577","Perempuan","2.4"
"11785078","Laki-laki","7.6"
"6523293","Laki-laki","7.6"
"7543582","Perempuan","3.1"
"9175169","Perempuan","4.1"
"8239204","Laki-laki","2.1"
"7376047","Laki-laki","9.8"
"7912402","Laki-laki","6.5"
"13008538","Laki-laki","9.3"
"6855953","Perempuan","3"
"7502747","Laki-laki","7.8"
"9626635","Laki-laki","7.7"
"9763814","Perempuan","6.9"
"9967575","Laki-laki","9.7"
"8596825","Laki-laki","3.9"
"4142487","Laki-laki","1.3"
"11083578","Perempuan","6.7"
"4134136","Laki-laki","7.3"
"7756588","Perempuan","5.8"
"5114310","Perempuan","2.1"
"6839654","Laki-laki","5"
"7821906","Laki-laki","3.1"
"7803393","Laki-laki","4.3"
"8054801","Laki-laki","6.5"
"11034278","Perempuan","7.5"
"8133835","Laki-laki","2.3"
"6389608","Laki-laki","4.1"
"9410217","Laki-laki","2.7"
"9973676","Perempuan","2"
"3930980","Laki-laki","7.8"
"8493500","Laki-laki","9.1"
"8752931","Perempuan","3.7"
"6256091","Perempuan","7.5"
"10439267","Laki-laki","9"
"6624861","Laki-laki","8.5"
"7313941","Laki-laki","1.8"
"6567320","Laki-laki","9.6"
"7038947","Laki-laki","3.8"
"4259312","Perempuan","3.4"
"3399872","Perempuan","0.6"
"10986262","Laki-laki","4.9"
"4882596","Laki-laki","1.1"
"4521519","Perempuan","2.5"
"1616524","Laki-laki","3.2"
"5402595","Laki-laki","8.1"
"3692275","Laki-laki","8.8"
"11105037","Laki-laki","3"
"9524542","Laki-laki","8.6"
"5279624","Perempuan","8.6"
"12631089","Laki-laki","7.6"
"9454413","Laki-laki","1.5"
"6187921","Laki-laki","6.9"
"1000000","Perempuan","9.5"
"12727356","Perempuan","6.8"
"3526068","Perempuan","3.3"
"2886503","Perempuan","5"
"9556426","Laki-laki","6.5"
"13099381","Perempuan","5.1"
"10460682","Laki-laki","1.2"
"8409772","Laki-laki","3.1"
"8486885","Perempuan","8"
"9133538","Perempuan","8.6"
"8897321","Perempuan","1.4"
"7702978","Perempuan","9.5"
"7260502","Perempuan","3.3"
"6843517","Laki-laki","6.6"
"5115088","Perempuan","7.5"
"6298312","Perempuan","8.1"
"2767607","Perempuan","9.5"
"6754150","Laki-laki","3.1"
"4528522","Perempuan","8.6"
"4241026","Laki-laki","1.3"
"7449735","Perempuan","7.1"
"10480005","Perempuan","7.4"
"9295791","Laki-laki","6.8"
"3073748","Perempuan","2.5"
"4525929","Laki-laki","8.7"
"9351927","Laki-laki","1.7"
"4543781","Laki-laki","0.5"
"6438417","Perempuan","7.2"
"8375130","Perempuan","4.8"
"4579138","Perempuan","8.5"
"7263438","Laki-laki","3.8"
"3664936","Perempuan","1.7"
"5496580","Laki-laki","8.4"
"7799454","Perempuan","5.5"
"3017515","Laki-laki","1.9"
"8101186","Laki-laki","7.2"
"6950905","Laki-laki","5.1"
"8381224","Perempuan","6"
"7559785","Laki-laki","4.6"
"10410351","Laki-laki","8.3"
"7313061","Laki-laki","8.3"
"5926486","Laki-laki","7.1"
"7305743","Laki-laki","1.1"
"8358245","Laki-laki","8.4"
"7122150","Perempuan","6.7"
"7101479","Perempuan","7"
"5245020","Laki-laki","3.6"
"5342747","Perempuan","8.8"
"3493486","Perempuan","7.3"
"11373941","Laki-laki","1.1"
"3890341","Laki-laki","4.1"
"5267737","Laki-laki","8.9"
"5203981","Perempuan","0.5"
"9237310","Laki-laki","9.6"
"6262625","Perempuan","6.8"
"10119355","Laki-laki","6.3"
"5316273","Perempuan","2.7"
"7697485","Laki-laki","2.5"
"4911632","Laki-laki","9.4"
"12362872","Perempuan","3"
"4031003","Perempuan","7.8"
"7774551","Perempuan","3.9"
"8584442","Perempuan","1.4"
"8034497","Perempuan","0.1"
"6536780","Perempuan","5.4"
"6675448","Laki-laki","9.8"
"7109528","Perempuan","3.7"
"6632494","Laki-laki","3.6"
"9409697","Laki-laki","3.4"
"12526307","Perempuan","5.2"
"5606270","Laki-laki","4.4"
"3575492","Perempuan","8.8"
"6779294","Perempuan","5.1"
"13449273","Laki-laki","5.1"
"4990813","Laki-laki","1.4"
"11097792","Perempuan","9.8"
"11194252","Perempuan","2.5"
"5616029","Laki-laki","0.7"
"8422457","Laki-laki","6.6"
"11070991","Laki-laki","6"
"6052180","Laki-laki","4.2"
"6491049","Perempuan","4.2"
"5545797","Perempuan","7.9"
"4463108","Perempuan","2"
"5376806","Perempuan","8.2"
"3940149","Laki-laki","6.5"
"7085208","Laki-laki","4.2"
"5075066","Perempuan","4.6"
"7584464","Perempuan","2.6"
"3110260","Perempuan","7.5"
"7827200","Perempuan","5.1"
"9083822","Perempuan","3.2"
"2015660","Perempuan","6"
"7935141","Perempuan","10"
"10069172","Perempuan","4.4"
"3975897","Perempuan","9.2"
"11181430","Laki-laki","3.5"
"8047547","Perempuan","0.5"
"5237470","Laki-laki","2"
"6860577","Laki-laki","4.2"
"8395817","Perempuan","2.2"
"7190013","Perempuan","0"
"8346889","Laki-laki","9.2"
"4698316","Laki-laki","8.4"
"7423402","Perempuan","7.4"
"3465713","Laki-laki","1.7"
"6721934","Perempuan","1.2"
"4740230","Perempuan","0.7"
"5161175","Perempuan","7.2"
"10090232","Laki-laki","9.3"
"9728275","Laki-laki","4.3"
"8522845","Perempuan","1.2"
"4269218","Laki-laki","5.1"
"6208978","Laki-laki","3.5"
"10032744","Laki-laki","3.7"
"7354292","Laki-laki","6.2"
"12798323","Laki-laki","7.2"
"7983294","Laki-laki","1.1"
"7480122","Laki-laki","0.4"
"6227208","Perempuan","9.9"
"7333852","Laki-laki","2.3"
"6618825","Laki-laki","0.5"
"8770271","Laki-laki","1.9"
"9391755","Laki-laki","0.4"
"5035026","Laki-laki","3.9"
"3671917","Laki-laki","8"
"2409486","Laki-laki","3.4"
"8269978","Laki-laki","4.4"
"4241583","Perempuan","6.8"
"1617773","Laki-laki","5.1"
"7971446","Laki-laki","8.6"
"13232498","Laki-laki","8.7"
"6984822","Laki-laki","0.1"
"9096226","Perempuan","7.8"
"7204573","Perempuan","4.6"
"6752775","Perempuan","9.9"
"9297691","Perempuan","4.8"
"6274313","Perempuan","9.9"
"7668480","Perempuan","7.5"
"7804244","Perempuan","2.5"
"5329773","Perempuan","5.4"
"9480105","Perempuan","9.9"
"6562600","Perempuan","8.6"
"5110637","Perempuan","1"
"8341274","Perempuan","7.1"
"4753830","Perempuan","3.5"
"7070452","Perempuan","0.1"
"6977202","Perempuan","4"
"9714738","Perempuan","2.3"
"8186745","Laki-laki","8.2"
"6937432","Perempuan","3.4"
"9044415","Laki-laki","8.3"
"10475518","Perempuan","0"
"8394525","Perempuan","3.1"
"7025881","Laki-laki","2.4"
"3720409","Perempuan","2.3"
"4337215","Laki-laki","0.7"
"6236938","Laki-laki","1.9"
"5476219","Laki-laki","5.6"
"6532571","Perempuan","2.9"
"7141624","Perempuan","4.2"
"8324231","Perempuan","3.8"
"6823753","Laki-laki","8.8"
"8216254","Laki-laki","9.1"
"7161186","Perempuan","4.9"
"2061333","Perempuan","3.3"
"4651661","Perempuan","1.1"
"6639781","Perempuan","9.5"
"3975763","Perempuan","0.6"
"8499821","Laki-laki","3"
"10826877","Laki-laki","3"
"10046904","Laki-laki","3.2"
"6466392","Perempuan","1.6"
"10726815","Laki-laki","7.8"
"7371668","Laki-laki","1.2"
"6157285","Laki-laki","6.3"
"5466493","Laki-laki","1.2"
"6243825","Laki-laki","0.7"
"6029557","Perempuan","9.1"
"7426040","Laki-laki","1.9"
"7401434","Perempuan","8.2"
"7007615","Perempuan","5.4"
"8092345","Perempuan","0.8"
"9976615","Perempuan","9.6"
"9373885","Perempuan","2.5"
"3287755","Laki-laki","8.6"
"1000000","Laki-laki","1.7"
"9335799","Perempuan","8.5"
"3582803","Perempuan","0.1"
"6438086","Perempuan","5.1"
"4074717","Laki-laki","7.7"
"2495048","Perempuan","9.3"
"8353656","Laki-laki","9.1"
"8897887","Perempuan","8.2"
"5558723","Laki-laki","8.9"
"1000000","Perempuan","2"
"5634388","Laki-laki","2.8"
"7979510","Perempuan","2.9"
"3302721","Laki-laki","3.8"
"7458399","Laki-laki","3.9"
"6961725","Laki-laki","5.4"
"8448228","Laki-laki","1.6"
"7298950","Laki-laki","6.9"
"4567327","Laki-laki","1.7"
"9991428","Laki-laki","3.1"
"6603676","Perempuan","5"
"6931738","Perempuan","8"
"4666830","Perempuan","7.4"
"5891794","Perempuan","6.5"
"4787993","Perempuan","1.6"
"6567634","Laki-laki","5.5"
"11279271","Laki-laki","0.9"
"3570247","Laki-laki","3.8"
"2966096","Laki-laki","4.1"
"10677925","Laki-laki","0.4"
"6476690","Perempuan","2.7"
"5327318","Perempuan","9.6"
"9599761","Perempuan","9.5"
"5485961","Perempuan","3.5"
"11565024","Laki-laki","0.4"
"8694814","Laki-laki","1.8"
"5780221","Laki-laki","3.9"
"12393270","Perempuan","9.5"
"5485712","Laki-laki","1.4"
"8855238","Perempuan","7.6"
"7748231","Laki-laki","1.1"
"10254353","Laki-laki","9.8"
"10903777","Perempuan","3.8"
"7080010","Laki-laki","7.8"
"5116455","Laki-laki","3.4"
"8149930","Perempuan","6.3"
"5305711","Laki-laki","1.9"
"12033468","Perempuan","1.5"
"7341338","Laki-laki","9.4"
"6086696","Laki-laki","9.2"
"7461700","Laki-laki","8.9"
"3632184","Laki-laki","6.3"
"4570964","Laki-laki","8.1"
"10001034","Laki-laki","0.7"
"5357764","Laki-laki","3.3"
"4382722","Laki-laki","3.1"
"8341631","Perempuan","6.4"
"9964260","Perempuan","3.6"
"8797383","Laki-laki","1.5"
"9490119","Laki-laki","6"
"5108012","Perempuan","8.1"
"3445473","Laki-laki","3.8"
"10753334","Laki-laki","1.3"
"6193300","Perempuan","2"
"6372917","Laki-laki","2.4"
"10320485","Laki-laki","3"
"8390575","Perempuan","6.4"
"8139719","Laki-laki","6"
"12412505","Laki-laki","7"
"5391204","Perempuan","3.6"
"9319600","Laki-laki","8.2"
"7142532","Perempuan","2"
"7671480","Laki-laki","4.7"
"10821171","Laki-laki","8"
"8269589","Perempuan","1.8"
"8345740","Perempuan","1.1"
"9681268","Laki-laki","8.8"
"6087618","Perempuan","3.4"
"4901975","Perempuan","6.8"
"4387977","Laki-laki","0.3"
"2084108","Laki-laki","6.9"
"12140517","Laki-laki","3.2"
"4241979","Perempuan","0.6"
"6446865","Perempuan","6.1"
"6307966","Perempuan","2.4"
"7768516","Perempuan","3.9"
"9039343","Laki-laki","0.8"
"9151183","Perempuan","1.5"
"5542306","Laki-laki","3"
"6582195","Perempuan","0.9"
"7706449","Laki-laki","9.1"
"6378272","Laki-laki","0.1"
"11018363","Laki-laki","4.8"
"8227437","Perempuan","1.2"
"8837194","Laki-laki","3.1"
"8657203","Laki-laki","9.3"
"9933684","Perempuan","1.6"
"7452553","Laki-laki","9.7"
"3757920","Perempuan","2.1"
"7999219","Perempuan","7.4"
"5371607","Laki-laki","5.5"
"5678458","Laki-laki","8.8"
"8465910","Perempuan","5.5"
"10095707","Laki-laki","5.3"
"7053178","Perempuan","2"
"7772082","Perempuan","1.7"
"11255537","Perempuan","9.2"
"7601882","Laki-laki","3.3"
"13504207","Perempuan","3.7"
"8413774","Laki-laki","7.6"
"2598093","Laki-laki","3.4"
"8883354","Laki-laki","9.5"
"7952895","Laki-laki","7.4"
"10224381","Perempuan","6"
"8682953","Laki-laki","8.8"
"6653860","Perempuan","0.5"
"3939254","Perempuan","2.6"
"6477441","Laki-laki","4.7"
"4873698","Perempuan","2.3"
"5548691","Perempuan","7.4"
"8471446","Laki-laki","9.2"
"11174761","Perempuan","4.2"
"7986678","Perempuan","3.4"
"4010292","Perempuan","9.6"
"8111506","Perempuan","4.4"
"9991578","Laki-laki","4.9"
"5475542","Perempuan","3.5"
"6664957","Perempuan","9.1"
"7036720","Perempuan","5.7"
"5037754","Perempuan","7.6"
"8620701","Laki-laki","8.1"
"6697629","Perempuan","3.4"
"8048831","Laki-laki","4.3"
"4781269","Perempuan","8.5"
"5906354","Laki-laki","3.6"
"8805953","Laki-laki","7.9"
"6067917","Laki-laki","9.4"
"11317409","Laki-laki","6.2"
"6000909","Laki-laki","7.4"
"7561711","Perempuan","8.1"
"9331477","Perempuan","8.5"
"3454085","Perempuan","4"
"2597977","Laki-laki","0.5"
"3185859","Perempuan","4"
"10156460","Laki-laki","6.7"
"5620354","Laki-laki","4.5"
"13395498","Perempuan","7.5"
"5589381","Perempuan","3.6"
"7461378","Laki-laki","6.3"
"10855274","Laki-laki","1.9"
"12015232","Perempuan","7.5"
"12153758","Perempuan","5.5"
"10020915","Perempuan","2"
"9560156","Perempuan","2.9"
"8481317","Laki-laki","7.5"
"","",""
"Rp16,631,828","",""
"Rp10,000","",""
